‘κβΰζθνΰ;ΰηβΰνθε ηΰλεζθ;„ΰςΰ;‡ΰκΰχκΰ ςευνξλ_(μ3);πθεμθρςξρςό ςευνξλ_(μ3\ρσς);‚πεμί πΰαξςϋ(χΰρ);‚πεμί οπξρςξί(χΰρ);‡ΰκΰχκΰ ςευνξλ_ ρ ν_ύ_(μ3);‚πεμί πΰαξςϋ ρ ν_ύ_(ρσς);‡ΰκΰχκΰ ύττ_(μ3);πθεμθρςξρςό ύττ_(μ3\ρσς);‡ΰκΰχκΰ ύττ_ ρ ν_ύ_(μ3)
103;ψ-‘πο;01.12.2018;1082;72,13333;360;0;1082;15;433;28,86667;433
103;ψ-‘πο;01.01.2019;2245;72,41935;744;0;3327;46;1072;34,58065;1505
103;ψ-‘πο;01.02.2019;1736;62;672;0;5063;74;905;32,32143;2410
103;ψ-‘πο;01.03.2019;1003;32,35484;744;0;6066;105;518;16,70968;2928
103;ψ-‘πο;01.04.2019;1514;50,46667;720;0;7580;135;789;26,3;3717
103;ψ-‘πο;01.05.2019;1368;44,12903;744;0;8948;166;792;25,54839;4509
103;ψ-‘πο;01.06.2019;689;22,96667;720;0;9637;196;397;13,23333;4906
103;ψ-‘πο;01.07.2019;1002;32,32258;744;0;10639;227;683;22,03226;5589
103;ψ-‘πο;01.08.2019;1611;51,96774;744;0;12250;258;704;22,70968;6293
103;ψ-‘πο;01.09.2019;923;30,76667;720;0;13173;288;427;14,23333;6720
103;ψ-‘πο;01.10.2019;1560;53,33333;702;42;14733;317,25;519;17,74359;7239
103;ψ-‘πο;01.11.2019;1074;69,29032;372;348;15807;332,75;383;24,70968;7622
103;ψ-‘πο;01.12.2019;1618;52,19355;744;0;17425;363,75;1572;50,70968;9194
103;ψ-‘πο;01.01.2020;1626;52,45161;744;0;19051;394,75;1626;52,45161;10820
103;ψ-‘πο;01.02.2020;1526;52,62069;696;0;20577;423,75;1526;52,62069;12346
103;ψ-‘πο;01.03.2020;2114;68,19355;744;0;22691;454,75;2114;68,19355;14460
103;ψ-‘πο;01.04.2020;1707;85,35;480;240;24398;474,75;1707;85,35;16167
103;ψ-‘πο;01.05.2020;2169;69,96774;744;0;26567;505,75;2169;69,96774;18336
103;ψ-‘πο;01.06.2020;2766;92,2;720;0;29333;535,75;2766;92,2;21102
103;ψ-‘πο;01.07.2020;2336;80,55172;696;48;31669;564,75;2336;80,55172;23438
103;ψ-‘πο;01.08.2020;2028;65,41935;744;0;33697;595,75;2028;65,41935;25466
103;ψ-‘πο;01.09.2020;2227;74,23333;720;0;35924;625,75;2227;74,23333;27693
103;ψ-‘πο;01.10.2020;1686;54,3871;744;0;37610;656,75;1686;54,3871;29379
103;ψ-‘πο;01.11.2020;2278;75,93333;720;0;39888;686,75;2278;75,93333;31657
103;ψ-‘πο;01.12.2020;2667;86,03226;744;0;42555;717,75;2667;86,03226;34324
103;ψ-‘πο;01.01.2021;2041;65,83871;744;0;44596;748,75;2041;65,83871;36365
103;ψ-‘πο;01.02.2021;1939;69,25;672;0;46535;776,75;1939;69,25;38304
103;ψ-‘πο;01.03.2021;2116;68,25806;744;0;48651;807,75;2116;68,25806;40420
103;ψ-‘πο;01.04.2021;2432;81,06667;720;0;51083;837,75;2432;81,06667;42852
103;ψ-‘πο;01.05.2021;30;80;9;735;51113;838,13;30;80;42882
103;ψ-‘πο;01.06.2021;3;72;1;719;51116;838,17;3;72;42885
111;ψ-‘πο;01.08.2016;1937;80,01377;581;19;1937;24,21;1937;80,01377;1937
111;ψ-‘πο;01.09.2016;2512;83,73333;720;0;4449;54,21;2512;83,73333;4449
111;ψ-‘πο;01.10.2016;2225;71,77419;744;0;6674;85,21;2225;71,77419;6674
111;ψ-‘πο;01.11.2016;1646;54,86667;720;0;8320;115,21;1646;54,86667;8320
111;ψ-‘πο;01.12.2016;1085;35;744;0;9405;146,21;1085;35;9405
111;ψ-‘πο;01.01.2017;1057;34,09677;744;0;10462;177,21;1057;34,09677;10462
111;ψ-‘πο;01.02.2017;1010;36,07143;672;0;11472;205,21;1010;36,07143;11472
111;ψ-‘πο;01.03.2017;974;31,41935;744;0;12446;236,21;974;31,41935;12446
111;ψ-‘πο;01.04.2017;1090;36,33333;720;0;13536;266,21;1090;36,33333;13536
111;ψ-‘πο;01.05.2017;1021;32,93548;744;0;14557;297,21;1021;32,93548;14557
111;ψ-‘πο;01.06.2017;1169;38,96667;720;0;15726;327,21;1169;38,96667;15726
111;ψ-‘πο;01.07.2017;1174;37,87097;744;0;16900;358,21;1174;37,87097;16900
111;ψ-‘πο;01.08.2017;814;35,3913;552;192;17714;381,21;814;35,3913;17714
111;ψ-‘πο;01.09.2017;418;32,15385;312;408;18132;394,21;418;32,15385;18132
111;ψ-‘πο;01.10.2017;1709;55,12903;744;0;19841;425,21;1709;55,12903;19841
111;ψ-‘πο;01.11.2017;1570;52,33333;720;0;21411;455,21;1570;52,33333;21411
111;ψ-‘πο;01.12.2017;1991;64,22581;744;0;23402;486,21;1991;64,22581;23402
111;ψ-‘πο;01.01.2018;3064;98,83871;744;0;26466;517,21;3064;98,83871;26466
111;ψ-‘πο;01.02.2018;2510;89,64286;672;0;28976;545,21;2510;89,64286;28976
111;ψ-‘πο;01.03.2018;2956;96,3913;736;8;31932;575,88;2956;96,3913;31932
111;ψ-‘πο;01.04.2018;2056;68,53333;720;0;33988;605,88;2056;68,53333;33988
111;ψ-‘πο;01.05.2018;2292;73,93548;744;0;36280;636,88;2292;73,93548;36280
111;ψ-‘πο;01.06.2018;1326;83,3089;382;338;37606;652,79;1326;83,3089;37606
111;ψ-‘πο;01.07.2018;2222;71,67742;744;0;39828;683,79;2222;71,67742;39828
111;ψ-‘πο;01.08.2018;3064;98,83871;744;0;42892;714,79;1981;63,90323;41809
111;ψ-‘πο;01.09.2018;2747;91,56667;720;0;45639;744,79;1590;53;43399
111;ψ-‘πο;01.10.2018;2258;72,83871;744;0;47897;775,79;1246;40,19355;44645
111;ψ-‘πο;01.11.2018;2139;71,3;720;0;50036;805,79;1234;41,13333;45879
111;ψ-‘πο;01.12.2018;1261;40,67742;744;0;51297;836,79;843;27,19355;46722
111;ψ-‘πο;01.01.2019;762;24,58065;744;0;52059;867,79;364;11,74194;47086
111;ψ-‘πο;01.02.2019;103;3,67857;672;0;52162;895,79;54;1,92857;47140
111;ψ-‘πο;01.03.2019;108;3,48387;744;0;52270;926,79;56;1,80645;47196
111;ψ-‘πο;01.04.2019;917;45,85;480;240;53187;946,79;477;23,85;47673
111;ψ-‘πο;01.05.2019;2315;74,67742;744;0;55502;977,79;1340;43,22581;49013
111;ψ-‘πο;01.06.2019;1548;51,6;720;0;57050;1007,79;892;29,73333;49905
111;ψ-‘πο;01.07.2019;2010;64,83871;744;0;59060;1038,79;1371;44,22581;51276
111;ψ-‘πο;01.08.2019;1668;53,80645;744;0;60728;1069,79;729;23,51613;52005
111;ψ-‘πο;01.09.2019;1089;36,3;720;0;61817;1099,79;504;16,8;52509
111;ψ-‘πο;01.10.2019;1296;41,80645;744;0;63113;1130,79;431;13,90323;52940
111;ψ-‘πο;01.11.2019;1989;66,3;720;0;65102;1160,79;710;23,66667;53650
111;ψ-‘πο;01.12.2019;1766;56,96774;744;0;66868;1191,79;590;19,03226;54240
111;ψ-‘πο;01.01.2020;1796;57,93548;744;0;68664;1222,79;663;21,3871;54903
111;ψ-‘πο;01.02.2020;1926;66,41379;696;0;70590;1251,79;601;20,72414;55504
111;ψ-‘πο;01.03.2020;2242;72,32258;744;0;72832;1282,79;683;22,03226;56187
111;ψ-‘πο;01.04.2020;2483;82,76667;720;0;75315;1312,79;832;27,73333;57019
111;ψ-‘πο;01.05.2020;2737;88,29032;744;0;78052;1343,79;816;26,32258;57835
111;ψ-‘πο;01.06.2020;2887;96,23333;720;0;80939;1373,79;1025;34,16667;58860
111;ψ-‘πο;01.07.2020;2527;87,13793;696;48;83466;1402,79;824;28,41379;59684
111;ψ-‘πο;01.08.2020;2434;78,51613;744;0;85900;1433,79;808;26,06452;60492
111;ψ-‘πο;01.09.2020;1980;82,5;576;144;87880;1457,79;619;25,79167;61111
111;ψ-‘πο;01.10.2020;1371;57,125;576;168;89251;1481,79;1069;44,54167;62180
111;ψ-‘πο;01.11.2020;1811;60,36667;720;0;91062;1511,79;1811;60,36667;63991
111;ψ-‘πο;01.12.2020;1699;54,80645;744;0;92761;1542,79;1260;40,64516;65251
111;ψ-‘πο;01.01.2021;1646;53,09677;744;0;94407;1573,79;636;20,51613;65887
111;ψ-‘πο;01.02.2021;1817;64,89286;672;0;96224;1601,79;675;24,10714;66562
111;ψ-‘πο;01.03.2021;1860;60;744;0;98084;1632,79;664;21,41935;67226
111;ψ-‘πο;01.04.2021;1800;60;720;0;99884;1662,79;749;24,96667;67975
111;ψ-‘πο;01.05.2021;2054;66,25806;744;0;101938;1693,79;856;27,6129;68831
111;ψ-‘πο;01.06.2021;2409;80,3;720;0;104347;1723,79;884;29,46667;69715
123;ψ-‘πο;01.05.2018;612;34;432;0;612;18;612;34;612
123;ψ-‘πο;01.06.2018;334;34,55172;232;488;946;27,67;334;34,55172;946
123;ψ-‘πο;01.07.2018;1054;34;744;0;2000;58,67;1054;34;2000
123;ψ-‘πο;01.08.2018;264;8,51613;744;0;2264;89,67;264;8,51613;2264
123;ψ-‘πο;01.09.2018;26;0,86667;720;0;2290;119,67;26;0,86667;2290
123;ψ-‘πο;01.10.2018;31;1;744;0;2321;150,67;31;1;2321
123;ψ-‘πο;01.11.2018;26;0,86667;720;0;2347;180,67;26;0,86667;2347
123;ψ-‘πο;01.12.2018;26;0,83871;744;0;2373;211,67;26;0,83871;2373
123;ψ-‘πο;01.01.2019;31;1;744;0;2404;242,67;31;1;2404
123;ψ-‘πο;01.02.2019;4;1;96;576;2408;246,67;4;1;2408
123;ψ-‘πο;01.03.2019;0;0;0;744;2408;246,67;0;0;2408
123;ψ-‘πο;01.04.2019;0;0;0;720;2408;246,67;0;0;2408
123;ψ-‘πο;01.05.2019;0;0;0;744;2408;246,67;0;0;2408
123;ψ-‘πο;01.06.2019;0;0;0;720;2408;246,67;0;0;2408
123;ψ-‘πο;01.07.2019;0;0;0;744;2408;246,67;0;0;2408
123;ψ-‘πο;01.08.2019;750;100;180;564;3158;254,17;750;100;3158
123;ψ-‘πο;01.09.2019;3300;110;720;0;6458;284,17;3300;110;6458
123;ψ-‘πο;01.10.2019;2837;91,51613;744;0;9295;315,17;2837;91,51613;9295
123;ψ-‘πο;01.11.2019;3145;104,83333;720;0;12440;345,17;3145;104,83333;12440
123;ψ-‘πο;01.12.2019;3379;109;744;0;15819;376,17;3379;109;15819
123;ψ-‘πο;01.01.2020;3501;112,93548;744;0;19320;407,17;3501;112,93548;19320
123;ψ-‘πο;01.02.2020;3305;113,96552;696;0;22625;436,17;3305;113,96552;22625
123;ψ-‘πο;01.03.2020;3378;108,96774;744;0;26003;467,17;3378;108,96774;26003
123;ψ-‘πο;01.04.2020;3633;121,1;720;0;29636;497,17;3633;121,1;29636
123;ψ-‘πο;01.05.2020;2163;69,77419;744;0;31799;528,17;2163;69,77419;31799
123;ψ-‘πο;01.06.2020;3141;104,7;720;0;34940;558,17;3141;104,7;34940
123;ψ-‘πο;01.07.2020;2972;102,48276;696;48;37912;587,17;2972;102,48276;37912
123;ψ-‘πο;01.08.2020;2969;95,77419;744;0;40881;618,17;2969;95,77419;40881
123;ψ-‘πο;01.09.2020;2424;80,8;720;0;43305;648,17;2424;80,8;43305
123;ψ-‘πο;01.10.2020;2064;66,58065;744;0;45369;679,17;2064;66,58065;45369
123;ψ-‘πο;01.11.2020;3593;119,76667;720;0;48962;709,17;3593;119,76667;48962
123;ψ-‘πο;01.12.2020;4249;137,06452;744;0;53211;740,17;2871;92,6129;51833
123;ψ-‘πο;01.01.2021;3482;112,32258;744;0;56693;771,17;1004;32,3871;52837
123;ψ-‘πο;01.02.2021;3698;132,07143;672;0;60391;799,17;1018;36,35714;53855
123;ψ-‘πο;01.03.2021;4472;144,25806;744;0;64863;830,17;1176;37,93548;55031
123;ψ-‘πο;01.04.2021;3641;121,36667;720;0;68504;860,17;1144;38,13333;56175
123;ψ-‘πο;01.05.2021;3649;117,70968;744;0;72153;891,17;1149;37,06452;57324
123;ψ-‘πο;01.06.2021;3522;117,4;720;0;75675;921,17;956;31,86667;58280
129;ψ-‘πο;01.03.2017;40;40;24;24;40;1;40;40;40
129;ψ-‘πο;01.04.2017;3;0,11111;648;72;43;28;3;0,11111;43
129;ψ-‘πο;01.05.2017;92;4,99548;442;302;135;46,42;92;4,99548;135
129;ψ-‘πο;01.06.2017;0;0;0;720;135;46,42;0;0;135
129;ψ-‘πο;01.07.2017;0;0;0;744;135;46,42;0;0;135
129;ψ-‘πο;01.08.2017;0;0;0;744;135;46,42;0;0;135
129;ψ-‘πο;01.09.2017;0;0;0;0;135;46,42;0;0;135
129;ψ-‘πο;01.10.2017;195;10;468;276;330;65,92;195;10;330
129;ψ-‘πο;01.11.2017;300;10;720;0;630;95,92;300;10;630
129;ψ-‘πο;01.12.2017;310;10;744;0;940;126,92;310;10;940
129;ψ-‘πο;01.01.2018;204;81,6;60;684;1144;129,42;24;9,6;964
129;ψ-‘πο;01.02.2018;1858;71,69132;622;50;3002;155,33;129;4,97749;1093
129;ψ-‘πο;01.03.2018;1339;43,19355;744;0;4341;186,33;79;2,54839;1172
129;ψ-‘πο;01.04.2018;1408;46,93333;720;0;5749;216,33;58;1,93333;1230
129;ψ-‘πο;01.05.2018;1464;47,22581;744;0;7213;247,33;69;2,22581;1299
129;ψ-‘πο;01.06.2018;1335;44,5;720;0;8548;277,33;52;1,73333;1351
129;ψ-‘πο;01.07.2018;1165;37,58065;744;0;9713;308,33;52;1,67742;1403
129;ψ-‘πο;01.08.2018;1280;41,29032;744;0;10993;339,33;63;2,03226;1466
129;ψ-‘πο;01.09.2018;985;32,83333;720;0;11978;369,33;66;2,2;1532
129;ψ-‘πο;01.10.2018;884;28,51613;744;0;12862;400,33;54;1,74194;1586
129;ψ-‘πο;01.11.2018;839;27,96667;720;0;13701;430,33;56;1,86667;1642
129;ψ-‘πο;01.12.2018;1023;33;744;0;14724;461,33;51;1,64516;1693
129;ψ-‘πο;01.01.2019;993;32,03226;744;0;15717;492,33;66;2,12903;1759
129;ψ-‘πο;01.02.2019;963;34,39286;672;0;16680;520,33;77;2,75;1836
129;ψ-‘πο;01.03.2019;1204;38,83871;744;0;17884;551,33;93;3;1929
129;ψ-‘πο;01.04.2019;1067;35,56667;720;0;18951;581,33;84;2,8;2013
129;ψ-‘πο;01.05.2019;532;24,79223;515;229;19483;602,79;52;2,4233;2065
129;ψ-‘πο;01.06.2019;60;20;72;648;19543;605,79;6;2;2071
129;ψ-‘πο;01.07.2019;393;12,67742;744;0;19936;636,79;57;1,83871;2128
129;ψ-‘πο;01.08.2019;894;28,83871;744;0;20830;667,79;52;1,67742;2180
129;ψ-‘πο;01.09.2019;583;19,43333;720;0;21413;697,79;37;1,23333;2217
129;ψ-‘πο;01.10.2019;727;23,45161;744;0;22140;728,79;28;0,90323;2245
129;ψ-‘πο;01.11.2019;1267;42,23333;720;0;23407;758,79;53;1,76667;2298
129;ψ-‘πο;01.12.2019;1028;33,16129;744;0;24435;789,79;39;1,25806;2337
129;ψ-‘πο;01.01.2020;832;26,83871;744;0;25267;820,79;37;1,19355;2374
129;ψ-‘πο;01.02.2020;435;15;696;0;25702;849,79;15;0,51724;2389
129;ψ-‘πο;01.03.2020;164;5,29032;744;0;25866;880,79;5;0,16129;2394
129;ψ-‘πο;01.04.2020;572;19,06667;720;0;26438;910,79;22;0,73333;2416
129;ψ-‘πο;01.05.2020;551;17,77419;744;0;26989;941,79;18;0,58065;2434
129;ψ-‘πο;01.06.2020;454;15,13333;720;0;27443;971,79;18;0,6;2452
129;ψ-‘πο;01.07.2020;423;14,58621;696;48;27866;1000,79;16;0,55172;2468
129;ψ-‘πο;01.08.2020;359;11,58065;744;0;28225;1031,79;14;0,45161;2482
129;ψ-‘πο;01.09.2020;321;10,94318;704;16;28546;1061,13;11;0,375;2493
129;ψ-‘πο;01.10.2020;564;18,19355;744;0;29110;1092,13;13;0,41935;2506
129;ψ-‘πο;01.11.2020;373;12,43333;720;0;29483;1122,13;18;0,6;2524
129;ψ-‘πο;01.12.2020;185;7,52542;590;154;29668;1146,71;13;0,52881;2537
129;ψ-‘πο;01.01.2021;296;11,84;600;144;29964;1171,71;14;0,56;2551
129;ψ-‘πο;01.02.2021;5;0,78431;153;519;29969;1178,08;0;0;2551
129;ψ-‘πο;01.03.2021;0;0;1;743;29969;1178,13;0;0;2551
129;ψ-‘πο;01.04.2021;83;2,76667;720;0;30052;1208,13;4;0,13333;2555
129;ψ-‘πο;01.05.2021;30;0,96774;744;0;30082;1239,13;2;0,06452;2557
129;ψ-‘πο;01.06.2021;96;3,21339;717;3;30178;1269;4;0,13389;2561
130;ψ-‘πο;01.01.2019;864;54;384;0;864;16;864;54;864
130;ψ-‘πο;01.02.2019;958;34,21429;672;0;1822;44;958;34,21429;1822
130;ψ-‘πο;01.03.2019;1395;45;744;0;3217;75;1395;45;3217
130;ψ-‘πο;01.04.2019;1723;57,43333;720;0;4940;105;1723;57,43333;4940
130;ψ-‘πο;01.05.2019;773;36,0233;515;229;5713;126,46;773;36,0233;5713
130;ψ-‘πο;01.06.2019;630;36;420;300;6343;143,96;315;18;6028
130;ψ-‘πο;01.07.2019;1256;40,51613;744;0;7599;174,96;628;20,25806;6656
130;ψ-‘πο;01.08.2019;2176;70,19355;744;0;9775;205,96;1088;35,09677;7744
130;ψ-‘πο;01.09.2019;1882;62,73333;720;0;11657;235,96;941;31,36667;8685
130;ψ-‘πο;01.10.2019;1804;58,19355;744;0;13461;266,96;902;29,09677;9587
130;ψ-‘πο;01.11.2019;1584;52,8;720;0;15045;296,96;792;26,4;10379
130;ψ-‘πο;01.12.2019;1488;48;744;0;16533;327,96;744;24;11123
130;ψ-‘πο;01.01.2020;1564;50,45161;744;0;18097;358,96;731;23,58065;11854
130;ψ-‘πο;01.02.2020;1816;62,62069;696;0;19913;387,96;736;25,37931;12590
130;ψ-‘πο;01.03.2020;1547;49,90323;744;0;21460;418,96;613;19,77419;13203
130;ψ-‘πο;01.04.2020;1334;44,46667;720;0;22794;448,96;574;19,13333;13777
130;ψ-‘πο;01.05.2020;779;25,12903;744;0;23573;479,96;303;9,77419;14080
130;ψ-‘πο;01.06.2020;742;24,73333;720;0;24315;509,96;336;11,2;14416
130;ψ-‘πο;01.07.2020;518;17,86207;696;48;24833;538,96;218;7,51724;14634
130;ψ-‘πο;01.08.2020;334;10,77419;744;0;25167;569,96;143;4,6129;14777
130;ψ-‘πο;01.09.2020;300;10,22727;704;16;25467;599,29;122;4,15909;14899
130;ψ-‘πο;01.10.2020;248;8;744;0;25715;630,29;211;6,80645;15110
130;ψ-‘πο;01.11.2020;468;15,6;720;0;26183;660,29;468;15,6;15578
130;ψ-‘πο;01.12.2020;528;21,47797;590;154;26711;684,88;450;18,30508;16028
130;ψ-‘πο;01.01.2021;289;11,56;600;144;27000;709,88;289;11,56;16317
130;ψ-‘πο;01.02.2021;349;14,9839;559;113;27349;733,17;349;14,9839;16666
130;ψ-‘πο;01.03.2021;68;2,19355;744;0;27417;764,17;68;2,19355;16734
130;ψ-‘πο;01.04.2021;87;2,9;720;0;27504;794,17;87;2,9;16821
130;ψ-‘πο;01.05.2021;17;0,91892;444;300;27521;812,67;17;0,91892;16838
130;ψ-‘πο;01.06.2021;24;0,80335;717;3;27545;842,54;24;0,80335;16862
201;ψ-‘πο;01.06.2021;2473;82,43333;720;0;277443;3492,96;2473;82,43333;277443
201;ψ-‘πο;01.05.2021;2979;96,09677;744;0;274970;3462,96;2979;96,09677;274970
201;ψ-‘πο;01.04.2021;2831;94,36667;720;0;271991;3431,96;2831;94,36667;271991
201;ψ-‘πο;01.03.2021;2802;90,3871;744;0;269160;3401,96;2802;90,3871;269160
201;ψ-‘πο;01.02.2021;2519;89,96429;672;0;266358;3370,96;2519;89,96429;266358
201;ψ-‘πο;01.01.2021;2592;102,31579;608;136;263839;3342,96;2592;102,31579;263839
201;ψ-‘πο;01.12.2020;4267;137,64516;744;0;261247;3317,63;4267;137,64516;261247
201;ψ-‘πο;01.11.2020;3739;124,63333;720;0;256980;3286,63;3739;124,63333;256980
201;ψ-‘πο;01.10.2020;3033;97,83871;744;0;253241;3256,63;3033;97,83871;253241
201;ψ-‘πο;01.09.2020;3197;106,56667;720;0;250208;3225,63;3197;106,56667;250208
201;ψ-‘πο;01.08.2020;3282;105,87097;744;0;247011;3195,63;3282;105,87097;247011
201;ψ-‘πο;01.07.2020;3113;114,94154;650;94;243729;3164,63;3113;114,94154;243729
201;ψ-‘πο;01.06.2020;3529;117,63333;720;0;240616;3137,54;3529;117,63333;240616
201;ψ-‘πο;01.05.2020;2670;86,12903;744;0;237087;3107,54;2670;86,12903;237087
201;ψ-‘πο;01.04.2020;2783;92,76667;720;0;234417;3076,54;2783;92,76667;234417
201;ψ-‘πο;01.03.2020;2571;82,93548;744;0;231634;3046,54;2571;82,93548;231634
201;ψ-‘πο;01.02.2020;2435;83,96552;696;0;229063;3015,54;2435;83,96552;229063
201;ψ-‘πο;01.01.2020;2578;83,16129;744;0;226628;2986,54;2578;83,16129;226628
201;ψ-‘πο;01.12.2019;2850;91,93548;744;0;224050;2955,54;2850;91,93548;224050
201;ψ-‘πο;01.11.2019;2688;89,6;720;0;221200;2924,54;2688;89,6;221200
201;ψ-‘πο;01.10.2019;2566;82,77419;744;0;218512;2894,54;2566;82,77419;218512
201;ψ-‘πο;01.09.2019;2662;88,73333;720;0;215946;2863,54;2662;88,73333;215946
201;ψ-‘πο;01.08.2019;1920;81,41343;566;178;213284;2833,54;1920;81,41343;213284
201;ψ-‘πο;01.07.2019;984;86,18978;274;470;211364;2809,96;984;86,18978;211364
201;ψ-‘πο;01.06.2019;2809;93,89415;718;2;210380;2798,54;2809;93,89415;210380
201;ψ-‘πο;01.05.2019;2968;95,74194;744;0;207571;2768,63;2968;95,74194;207571
201;ψ-‘πο;01.04.2019;2916;97,2;720;0;204603;2737,63;2916;97,2;204603
201;ψ-‘πο;01.03.2019;3100;100;744;0;201687;2707,63;3100;100;201687
201;ψ-‘πο;01.02.2019;2800;100;672;0;198587;2676,63;2800;100;198587
201;ψ-‘πο;01.01.2019;1787;105,11765;408;336;195787;2648,63;1787;105,11765;195787
201;ψ-‘πο;01.12.2018;1353;43,64516;744;0;194000;2631,63;1353;43,64516;194000
201;ψ-‘πο;01.11.2018;1233;41,1;720;0;192647;2600,63;1233;41,1;192647
201;ψ-‘πο;01.10.2018;1375;44,35484;744;0;191414;2570,63;1375;44,35484;191414
201;ψ-‘πο;01.09.2018;1254;41,8;720;0;190039;2539,63;1254;41,8;190039
201;ψ-‘πο;01.08.2018;1293;41,70968;744;0;188785;2509,63;1293;41,70968;188785
201;ψ-‘πο;01.07.2018;965;31,12903;744;0;187492;2478,63;965;31,12903;187492
201;ψ-‘πο;01.06.2018;1244;41,46667;720;0;186527;2447,63;1244;41,46667;186527
201;ψ-‘πο;01.05.2018;923;29,77419;744;0;185283;2417,63;923;29,77419;185283
201;ψ-‘πο;01.04.2018;1335;44,5;720;0;184360;2386,63;1335;44,5;184360
201;ψ-‘πο;01.03.2018;1455;47,44565;736;8;183025;2356,63;1455;47,44565;183025
201;ψ-‘πο;01.02.2018;2252;80,42857;672;0;181570;2325,96;2252;80,42857;181570
201;ψ-‘πο;01.01.2018;2892;93,29032;744;0;179318;2297,96;2892;93,29032;179318
201;ψ-‘πο;01.12.2017;1697;54,74194;744;0;176426;2266,96;1697;54,74194;176426
201;ψ-‘πο;01.11.2017;1823;60,76667;720;0;174729;2235,96;1823;60,76667;174729
201;ψ-‘πο;01.10.2017;318;79,5;96;648;172906;2205,96;318;79,5;172906
201;ψ-‘πο;01.09.2017;1310;64,55852;487;233;172588;2201,96;1310;64,55852;172588
201;ψ-‘πο;01.08.2017;1948;62,83871;744;0;171278;2181,67;1948;62,83871;171278
201;ψ-‘πο;01.07.2017;2197;70,87097;744;0;169330;2150,67;2197;70,87097;169330
201;ψ-‘πο;01.06.2017;693;69,3;240;480;167133;2119,67;693;69,3;167133
201;ψ-‘πο;01.05.2017;243;51,15789;114;630;166440;2109,67;243;51,15789;166440
201;ψ-‘πο;01.04.2017;1955;65,16667;720;0;166197;2104,92;1955;65,16667;166197
201;ψ-‘πο;01.03.2017;1902;61,35484;744;0;164242;2074,92;1902;61,35484;164242
201;ψ-‘πο;01.02.2017;1947;69,53571;672;0;162340;2043,92;1947;69,53571;162340
201;ψ-‘πο;01.01.2017;2032;65,54839;744;0;160393;2015,92;2032;65,54839;160393
201;ψ-‘πο;01.12.2016;2026;65,35484;744;0;158361;1984,92;2026;65,35484;158361
201;ψ-‘πο;01.11.2016;1736;57,86667;720;0;156335;1953,92;1736;57,86667;156335
201;ψ-‘πο;01.10.2016;1939;62,54839;744;0;154599;1923,92;1939;62,54839;154599
201;ψ-‘πο;01.09.2016;46;40,88889;27;693;152660;1892,92;46;40,88889;152660
201;ψ-‘πο;01.08.2016;638;51,04;300;444;152614;1891,79;638;51,04;152614
201;ψ-‘πο;01.07.2016;1945;62,74194;744;0;151976;1879,29;1945;62,74194;151976
201;ψ-‘πο;01.06.2016;1855;61,83333;720;0;150031;1848,29;1855;61,83333;150031
201;ψ-‘πο;01.05.2016;918;66,56193;331;413;148176;1818,29;918;66,56193;148176
201;ψ-‘πο;01.04.2016;2003;66,76667;720;0;147258;1804,5;2003;66,76667;147258
201;ψ-‘πο;01.03.2016;2238;72,19355;744;0;145255;1774,5;2238;72,19355;145255
201;ψ-‘πο;01.02.2016;2077;71,62069;696;0;143017;1743,5;2077;71,62069;143017
201;ψ-‘πο;01.01.2016;2240;72,25806;744;0;140940;1714,5;2240;72,25806;140940
201;ψ-‘πο;01.12.2015;2915;94,03226;744;0;138700;1683,5;2915;94,03226;138700
201;ψ-‘πο;01.11.2015;2854;95,13333;720;0;135785;1652,5;2854;95,13333;135785
201;ψ-‘πο;01.10.2015;3054;98,51613;744;0;132931;1622,5;3054;98,51613;132931
201;ψ-‘πο;01.09.2015;2612;87,06667;720;0;129877;1591,5;2612;87,06667;129877
201;ψ-‘πο;01.08.2015;2958;95,41935;744;0;127265;1561,5;2958;95,41935;127265
201;ψ-‘πο;01.07.2015;3300;106,45161;744;0;124307;1530,5;3300;106,45161;124307
201;ψ-‘πο;01.06.2015;697;152,07273;110;610;121007;1499,5;697;152,07273;121007
201;ψ-‘πο;01.05.2015;526;52,6;240;504;120310;1494,92;526;52,6;120310
201;ψ-‘πο;01.04.2015;2703;90,1;720;0;119784;1484,92;2703;90,1;119784
201;ψ-‘πο;01.03.2015;3006;96,96774;744;0;117081;1454,92;3006;96,96774;117081
201;ψ-‘πο;01.02.2015;2736;97,71429;672;0;114075;1423,92;2736;97,71429;114075
201;ψ-‘πο;01.01.2015;2678;86,3871;744;0;111339;1395,92;2678;86,3871;111339
201;ψ-‘πο;01.12.2014;3420;110,32258;744;0;108661;1364,92;3420;110,32258;108661
201;ψ-‘πο;01.11.2014;3875;129,16667;720;0;105241;1333,92;3875;129,16667;105241
201;ψ-‘πο;01.10.2014;3922;126,51613;744;0;101366;1303,92;3922;126,51613;101366
201;ψ-‘πο;01.09.2014;1852;193,25217;230;490;97444;1272,92;1852;193,25217;97444
201;ψ-‘πο;01.08.2014;1292;83,13137;373;371;95592;1263,33;1292;83,13137;95592
201;ψ-‘πο;01.07.2014;3102;100,06452;744;0;94300;1247,79;3102;100,06452;94300
201;ψ-‘πο;01.06.2014;3419;117,22286;700;20;91198;1216,79;3419;117,22286;91198
201;ψ-‘πο;01.05.2014;1157;74,84636;371;373;87779;1187,63;1157;74,84636;87779
201;ψ-‘πο;01.04.2014;492;57,6;205;515;86622;1172,17;492;57,6;86622
201;ψ-‘πο;01.03.2014;1930;62,25806;744;0;86130;1163,63;1930;62,25806;86130
201;ψ-‘πο;01.02.2014;1741;62,17857;672;0;84200;1132,63;1741;62,17857;84200
201;ψ-‘πο;01.01.2014;1980;63,87097;744;0;82459;1104,63;1980;63,87097;82459
201;ψ-‘πο;01.12.2013;1778;57,35484;744;0;80479;1073,63;1778;57,35484;80479
201;ψ-‘πο;01.11.2013;2067;68,9;720;0;78701;1042,63;2067;68,9;78701
201;ψ-‘πο;01.10.2013;2501;80,67742;744;0;76634;1012,63;2501;80,67742;76634
201;ψ-‘πο;01.09.2013;2305;76,83333;720;0;74133;981,63;2305;76,83333;74133
201;ψ-‘πο;01.08.2013;2709;87,3871;744;0;71828;951,63;2709;87,3871;71828
201;ψ-‘πο;01.07.2013;2462;79,41935;744;0;69119;920,63;2462;79,41935;69119
201;ψ-‘πο;01.06.2013;2756;91,86667;720;0;66657;889,63;2756;91,86667;66657
201;ψ-‘πο;01.05.2013;1412;80,68571;420;324;63901;859,63;1412;80,68571;63901
201;ψ-‘πο;01.04.2013;506;89,29412;136;584;62489;842,13;506;89,29412;62489
201;ψ-‘πο;01.03.2013;2477;79,90323;744;0;61983;836,46;2477;79,90323;61983
201;ψ-‘πο;01.02.2013;2164;77,28571;672;0;59506;805,46;2164;77,28571;59506
201;ψ-‘πο;01.01.2013;2762;89,09677;744;0;57342;777,46;2762;89,09677;57342
201;ψ-‘πο;01.12.2012;2717;87,64516;744;0;54580;746,46;2717;87,64516;54580
201;ψ-‘πο;01.11.2012;2673;89,1;720;0;51863;715,46;2673;89,1;51863
201;ψ-‘πο;01.10.2012;2642;85,22581;744;0;49190;685,46;2642;85,22581;49190
201;ψ-‘πο;01.09.2012;3021;100,7;720;0;46548;654,46;3021;100,7;46548
201;ψ-‘πο;01.08.2012;2511;81;744;0;43527;624,46;2511;81;43527
201;ψ-‘πο;01.07.2012;2622;84,58065;744;0;41016;593,46;2622;84,58065;41016
201;ψ-‘πο;01.06.2012;2526;84,2;720;0;38394;562,46;2526;84,2;38394
201;ψ-‘πο;01.05.2012;2623;84,6129;744;0;35868;532,46;2623;84,6129;35868
201;ψ-‘πο;01.04.2012;1530;114,75;320;400;33245;501,46;1530;114,75;33245
201;ψ-‘πο;01.03.2012;2299;74,16129;744;0;31715;488,13;2299;74,16129;31715
201;ψ-‘πο;01.02.2012;2557;88,55411;693;3;29416;457,13;2557;88,55411;29416
201;ψ-‘πο;01.01.2012;2785;89,83871;744;0;26859;428,25;2785;89,83871;26859
201;ψ-‘πο;01.12.2011;2924;94,32258;744;0;24074;397,25;2924;94,32258;24074
201;ψ-‘πο;01.11.2011;2811;93,7;720;0;21150;366,25;2811;93,7;21150
201;ψ-‘πο;01.10.2011;2812;90,70968;744;0;18339;336,25;2812;90,70968;18339
201;ψ-‘πο;01.09.2011;2190;73;720;0;15527;305,25;2190;73;15527
201;ψ-‘πο;01.08.2011;2218;71,54839;744;0;13337;275,25;2218;71,54839;13337
201;ψ-‘πο;01.07.2011;2259;72,87097;744;0;11119;244,25;2259;72,87097;11119
201;ψ-‘πο;01.06.2011;2100;70;720;0;8860;213,25;2100;70;8860
201;ψ-‘πο;01.05.2011;1400;100;336;408;6760;183,25;1400;100;6760
201;ψ-‘πο;01.04.2011;0;0;0;720;5360;169,25;0;0;5360
201;ψ-‘πο;01.03.2011;538;33,10769;390;354;5360;169,25;538;33,10769;5360
201;ψ-‘πο;01.02.2011;895;31,96429;672;0;4822;153;895;31,96429;4822
201;ψ-‘πο;01.01.2011;1087;35,06452;744;0;3927;125;1087;35,06452;3927
201;ψ-‘πο;01.12.2010;1018;32,83871;744;0;2840;94;1018;32,83871;2840
201;ψ-‘πο;01.11.2010;689;22,96667;720;0;1822;63;689;22,96667;1822
201;ψ-‘πο;01.10.2010;1085;35;744;0;1133;33;1085;35;1133
201;ψ-‘πο;01.09.2010;48;24;48;0;48;2;48;24;48
210;ψ-‘πο;01.06.2021;4659;155,94979;717;3;416389;3760,54;2401;80,3682;345821
210;ψ-‘πο;01.05.2021;5344;172,3871;744;0;411730;3730,67;3029;97,70968;343420
210;ψ-‘πο;01.04.2021;4994;166,46667;720;0;406386;3699,67;2829;94,3;340391
210;ψ-‘πο;01.03.2021;5401;174,22581;744;0;401392;3669,67;2724;87,87097;337562
210;ψ-‘πο;01.02.2021;4006;171,99284;559;113;395991;3638,67;2084;89,47406;334838
210;ψ-‘πο;01.01.2021;5202;208,08;600;144;391985;3615,38;2788;111,52;332754
210;ψ-‘πο;01.12.2020;6026;245,12542;590;154;386783;3590,38;3886;158,07458;329966
210;ψ-‘πο;01.11.2020;7526;250,86667;720;0;380757;3565,79;5224;174,13333;326080
210;ψ-‘πο;01.10.2020;7402;238,77419;744;0;373231;3535,79;3144;101,41935;320856
210;ψ-‘πο;01.09.2020;4603;156,92045;704;16;365829;3504,79;2094;71,38636;317712
210;ψ-‘πο;01.08.2020;4073;131,3871;744;0;361226;3475,46;1941;62,6129;315618
210;ψ-‘πο;01.07.2020;4653;160,44828;696;48;357153;3444,46;2186;75,37931;313677
210;ψ-‘πο;01.06.2020;5049;168,3;720;0;352500;3415,46;2536;84,53333;311491
210;ψ-‘πο;01.05.2020;3992;128,77419;744;0;347451;3385,46;1748;56,3871;308955
210;ψ-‘πο;01.04.2020;6182;206,06667;720;0;343459;3354,46;2969;98,96667;307207
210;ψ-‘πο;01.03.2020;5745;185,32258;744;0;337277;3324,46;2558;82,51613;304238
210;ψ-‘πο;01.02.2020;5683;195,96552;696;0;331532;3293,46;2582;89,03448;301680
210;ψ-‘πο;01.01.2020;5240;169,03226;744;0;325849;3264,46;2712;87,48387;299098
210;ψ-‘πο;01.12.2019;4731;152,6129;744;0;320609;3233,46;2267;73,12903;296386
210;ψ-‘πο;01.11.2019;5520;184;720;0;315878;3202,46;2784;92,8;294119
210;ψ-‘πο;01.10.2019;3595;115,96774;744;0;310358;3172,46;1497;48,29032;291335
210;ψ-‘πο;01.09.2019;2510;83,66667;720;0;306763;3141,46;1162;38,73333;289838
210;ψ-‘πο;01.08.2019;4059;130,93548;744;0;304253;3111,46;1775;57,25806;288676
210;ψ-‘πο;01.07.2019;3366;108,58065;744;0;300194;3080,46;2295;74,03226;286901
210;ψ-‘πο;01.06.2019;2000;114,28571;420;300;296828;3049,46;1152;65,82857;284606
210;ψ-‘πο;01.05.2019;2203;142,12903;372;372;294828;3031,96;1337;86,25806;283454
210;ψ-‘πο;01.04.2019;4754;158,46667;720;0;292625;3016,46;2172;72,4;282117
210;ψ-‘πο;01.03.2019;6097;196,67742;744;0;287871;2986,46;3056;98,58065;279945
210;ψ-‘πο;01.02.2019;5009;178,89286;672;0;281774;2955,46;2914;104,07143;276889
210;ψ-‘πο;01.01.2019;5463;176,22581;744;0;276765;2927,46;3297;106,35484;273975
210;ψ-‘πο;01.12.2018;5493;177,19355;744;0;271302;2896,46;4869;157,06452;270678
210;ψ-‘πο;01.11.2018;5724;190,8;720;0;265809;2865,46;5724;190,8;265809
210;ψ-‘πο;01.10.2018;5059;163,19355;744;0;260085;2835,46;5059;163,19355;260085
210;ψ-‘πο;01.09.2018;5060;168,66667;720;0;255026;2804,46;5060;168,66667;255026
210;ψ-‘πο;01.08.2018;4669;150,6129;744;0;249966;2774,46;4669;150,6129;249966
210;ψ-‘πο;01.07.2018;3372;108,77419;744;0;245297;2743,46;3372;108,77419;245297
210;ψ-‘πο;01.06.2018;3841;128,03333;720;0;241925;2712,46;3841;128,03333;241925
210;ψ-‘πο;01.05.2018;3493;112,67742;744;0;238084;2682,46;3493;112,67742;238084
210;ψ-‘πο;01.04.2018;3251;108,36667;720;0;234591;2651,46;3251;108,36667;234591
210;ψ-‘πο;01.03.2018;3371;108,74194;744;0;231340;2621,46;3371;108,74194;231340
210;ψ-‘πο;01.02.2018;3411;121,82143;672;0;227969;2590,46;3411;121,82143;227969
210;ψ-‘πο;01.01.2018;3979;128,35484;744;0;224558;2562,46;3979;128,35484;224558
210;ψ-‘πο;01.12.2017;3071;99,06452;744;0;220579;2531,46;3071;99,06452;220579
210;ψ-‘πο;01.11.2017;3364;112,13333;720;0;217508;2500,46;3364;112,13333;217508
210;ψ-‘πο;01.10.2017;3468;111,87097;744;0;214144;2470,46;3468;111,87097;214144
210;ψ-‘πο;01.09.2017;2249;74,96667;720;0;210676;2439,46;2249;74,96667;210676
210;ψ-‘πο;01.08.2017;2360;76,12903;744;0;208427;2409,46;2360;76,12903;208427
210;ψ-‘πο;01.07.2017;2574;83,03226;744;0;206067;2378,46;2574;83,03226;206067
210;ψ-‘πο;01.06.2017;2519;83,96667;720;0;203493;2347,46;2519;83,96667;203493
210;ψ-‘πο;01.05.2017;2318;74,77419;744;0;200974;2317,46;2318;74,77419;200974
210;ψ-‘πο;01.04.2017;2435;81,16667;720;0;198656;2286,46;2435;81,16667;198656
210;ψ-‘πο;01.03.2017;2342;75,54839;744;0;196221;2256,46;2342;75,54839;196221
210;ψ-‘πο;01.02.2017;2274;81,21429;672;0;193879;2225,46;2274;81,21429;193879
210;ψ-‘πο;01.01.2017;2467;79,58065;744;0;191605;2197,46;2467;79,58065;191605
210;ψ-‘πο;01.12.2016;2437;78,6129;744;0;189138;2166,46;2437;78,6129;189138
210;ψ-‘πο;01.11.2016;2053;68,43333;720;0;186701;2135,46;2053;68,43333;186701
210;ψ-‘πο;01.10.2016;2006;64,70968;744;0;184648;2105,46;2006;64,70968;184648
210;ψ-‘πο;01.09.2016;1395;46,5;720;0;182642;2074,46;1395;46,5;182642
210;ψ-‘πο;01.08.2016;1804;58,19355;744;0;181247;2044,46;1804;58,19355;181247
210;ψ-‘πο;01.07.2016;2053;66,22581;744;0;179443;2013,46;2053;66,22581;179443
210;ψ-‘πο;01.06.2016;2259;75,3;720;0;177390;1982,46;2259;75,3;177390
210;ψ-‘πο;01.05.2016;2673;86,22581;744;0;175131;1952,46;2673;86,22581;175131
210;ψ-‘πο;01.04.2016;2898;96,6;720;0;172458;1921,46;2898;96,6;172458
210;ψ-‘πο;01.03.2016;2902;93,6129;744;0;169560;1891,46;2902;93,6129;169560
210;ψ-‘πο;01.02.2016;2720;93,7931;696;0;166658;1860,46;2720;93,7931;166658
210;ψ-‘πο;01.01.2016;3125;100,80645;744;0;163938;1831,46;3125;100,80645;163938
210;ψ-‘πο;01.12.2015;3346;107,93548;744;0;160813;1800,46;3346;107,93548;160813
210;ψ-‘πο;01.11.2015;3272;109,06667;720;0;157467;1769,46;3272;109,06667;157467
210;ψ-‘πο;01.10.2015;3356;108,25806;744;0;154195;1739,46;3356;108,25806;154195
210;ψ-‘πο;01.09.2015;3254;108,46667;720;0;150839;1708,46;3254;108,46667;150839
210;ψ-‘πο;01.08.2015;3348;108;744;0;147585;1678,46;3348;108;147585
210;ψ-‘πο;01.07.2015;1773;100,83412;422;322;144237;1647,46;1773;100,83412;144237
210;ψ-‘πο;01.06.2015;4063;135,43333;720;0;142464;1629,88;4063;135,43333;142464
210;ψ-‘πο;01.05.2015;1457;47;744;0;138401;1599,88;1457;47;138401
210;ψ-‘πο;01.04.2015;2428;80,93333;720;0;136944;1568,88;2428;80,93333;136944
210;ψ-‘πο;01.03.2015;2563;82,67742;744;0;134516;1538,88;2563;82,67742;134516
210;ψ-‘πο;01.02.2015;2265;80,89286;672;0;131953;1507,88;2265;80,89286;131953
210;ψ-‘πο;01.01.2015;2478;79,93548;744;0;129688;1479,88;2478;79,93548;129688
210;ψ-‘πο;01.12.2014;3071;99,06452;744;0;127210;1448,88;3071;99,06452;127210
210;ψ-‘πο;01.11.2014;3556;118,53333;720;0;124139;1417,88;3556;118,53333;124139
210;ψ-‘πο;01.10.2014;3653;117,83871;744;0;120583;1387,88;3653;117,83871;120583
210;ψ-‘πο;01.09.2014;4639;154,63333;720;0;116930;1356,88;4639;154,63333;116930
210;ψ-‘πο;01.08.2014;3110;100,32258;744;0;112291;1326,88;3110;100,32258;112291
210;ψ-‘πο;01.07.2014;3261;105,19355;744;0;109181;1295,88;3261;105,19355;109181
210;ψ-‘πο;01.06.2014;1811;103,48571;420;300;105920;1264,88;1811;103,48571;105920
210;ψ-‘πο;01.05.2014;1798;106,28571;406;338;104109;1247,38;1798;106,28571;104109
210;ψ-‘πο;01.04.2014;2382;84,07059;680;40;102311;1230,46;2382;84,07059;102311
210;ψ-‘πο;01.03.2014;2987;99,56667;720;24;99929;1202,13;2987;99,56667;99929
210;ψ-‘πο;01.02.2014;2739;97,82143;672;0;96942;1172,13;2739;97,82143;96942
210;ψ-‘πο;01.01.2014;2598;83,80645;744;0;94203;1144,13;2598;83,80645;94203
210;ψ-‘πο;01.12.2013;2451;79,06452;744;0;91605;1113,13;2451;79,06452;91605
210;ψ-‘πο;01.11.2013;2408;80,26667;720;0;89154;1082,13;2408;80,26667;89154
210;ψ-‘πο;01.10.2013;2537;81,83871;744;0;86746;1052,13;2537;81,83871;86746
210;ψ-‘πο;01.09.2013;2271;75,7;720;0;84209;1021,13;2271;75,7;84209
210;ψ-‘πο;01.08.2013;2619;84,48387;744;0;81938;991,13;2619;84,48387;81938
210;ψ-‘πο;01.07.2013;2226;71,80645;744;0;79319;960,13;2226;71,80645;79319
210;ψ-‘πο;01.06.2013;2904;96,8;720;0;77093;929,13;2904;96,8;77093
210;ψ-‘πο;01.05.2013;2552;82,32258;744;0;74189;899,13;2552;82,32258;74189
210;ψ-‘πο;01.04.2013;2739;91,3;720;0;71637;868,13;2739;91,3;71637
210;ψ-‘πο;01.03.2013;2908;93,80645;744;0;68898;838,13;2908;93,80645;68898
210;ψ-‘πο;01.02.2013;2419;86,39286;672;0;65990;807,13;2419;86,39286;65990
210;ψ-‘πο;01.01.2013;2863;92,35484;744;0;63571;779,13;2863;92,35484;63571
210;ψ-‘πο;01.12.2012;3086;99,54839;744;0;60708;748,13;3086;99,54839;60708
210;ψ-‘πο;01.11.2012;2578;85,93333;720;0;57622;717,13;2578;85,93333;57622
210;ψ-‘πο;01.10.2012;3433;110,74194;744;0;55044;687,13;3433;110,74194;55044
210;ψ-‘πο;01.09.2012;2797;93,23333;720;0;51611;656,13;2797;93,23333;51611
210;ψ-‘πο;01.08.2012;2540;81,93548;744;0;48814;626,13;2540;81,93548;48814
210;ψ-‘πο;01.07.2012;3097;99,90323;744;0;46274;595,13;3097;99,90323;46274
210;ψ-‘πο;01.06.2012;3264;108,8;720;0;43177;564,13;3264;108,8;43177
210;ψ-‘πο;01.05.2012;1950;113,04348;414;330;39913;534,13;1950;113,04348;39913
210;ψ-‘πο;01.04.2012;2966;98,86667;720;0;37963;516,88;2966;98,86667;37963
210;ψ-‘πο;01.03.2012;3328;107,35484;744;0;34997;486,88;3328;107,35484;34997
210;ψ-‘πο;01.02.2012;3055;105,34483;696;0;31669;455,88;3055;105,34483;31669
210;ψ-‘πο;01.01.2012;3186;102,77419;744;0;28614;426,88;3186;102,77419;28614
210;ψ-‘πο;01.12.2011;3212;103,6129;744;0;25428;395,88;3212;103,6129;25428
210;ψ-‘πο;01.11.2011;2993;99,76667;720;0;22216;364,88;2993;99,76667;22216
210;ψ-‘πο;01.10.2011;3112;100,3871;744;0;19223;334,88;3112;100,3871;19223
210;ψ-‘πο;01.09.2011;2607;86,9;720;0;16111;303,88;2607;86,9;16111
210;ψ-‘πο;01.08.2011;2645;85,32258;744;0;13504;273,88;2645;85,32258;13504
210;ψ-‘πο;01.07.2011;1180;38,06452;744;0;10859;242,88;1180;38,06452;10859
210;ψ-‘πο;01.06.2011;2382;79,4;720;0;9679;211,88;2382;79,4;9679
210;ψ-‘πο;01.05.2011;400;27,66571;347;397;7297;181,88;400;27,66571;7297
210;ψ-‘πο;01.04.2011;1927;64,23333;720;0;6897;167,42;1927;64,23333;6897
210;ψ-‘πο;01.03.2011;1422;45,87097;744;0;4970;137,42;1422;45,87097;4970
210;ψ-‘πο;01.02.2011;1105;39,46429;672;0;3548;106,42;1105;39,46429;3548
210;ψ-‘πο;01.01.2011;1118;36,06452;744;0;2443;78,42;1118;36,06452;2443
210;ψ-‘πο;01.12.2010;989;31,90323;744;0;1325;47,42;989;31,90323;1325
210;ψ-‘πο;01.11.2010;320;20;384;336;336;16,42;320;20;336
210;ψ-‘πο;01.10.2010;16;38,4;10;614;16;0,42;16;38,4;16
211;ψ-‘πο;01.02.2013;115;115;24;0;115;1;115;115;115
211;ψ-‘πο;01.03.2013;662;21,35484;744;0;777;32;662;21,35484;777
211;ψ-‘πο;01.04.2013;598;45,5619;315;405;1375;45,13;598;45,5619;1375
211;ψ-‘πο;01.05.2013;2356;76;744;0;3731;76,13;2356;76;3731
211;ψ-‘πο;01.06.2013;1336;68,07643;471;249;5067;95,75;1336;68,07643;5067
211;ψ-‘πο;01.07.2013;3118;100,58065;744;0;8185;126,75;3118;100,58065;8185
211;ψ-‘πο;01.08.2013;3596;116;744;0;11781;157,75;3596;116;11781
211;ψ-‘πο;01.09.2013;3217;107,23333;720;0;14998;187,75;3217;107,23333;14998
211;ψ-‘πο;01.10.2013;3238;104,45161;744;0;18236;218,75;3238;104,45161;18236
211;ψ-‘πο;01.11.2013;3071;102,36667;720;0;21307;248,75;3071;102,36667;21307
211;ψ-‘πο;01.12.2013;3098;99,93548;744;0;24405;279,75;3098;99,93548;24405
211;ψ-‘πο;01.01.2014;3062;98,77419;744;0;27467;310,75;3062;98,77419;27467
211;ψ-‘πο;01.02.2014;2211;78,96429;672;0;29678;338,75;2211;78,96429;29678
211;ψ-‘πο;01.03.2014;3363;108,48387;744;0;33041;369,75;3363;108,48387;33041
211;ψ-‘πο;01.04.2014;3626;120,86667;720;0;36667;399,75;3626;120,86667;36667
211;ψ-‘πο;01.05.2014;4245;136,93548;744;0;40912;430,75;4245;136,93548;40912
211;ψ-‘πο;01.06.2014;2426;127,68421;456;264;43338;449,75;2426;127,68421;43338
211;ψ-‘πο;01.07.2014;2838;92,41791;737;7;46176;480,46;2838;92,41791;46176
211;ψ-‘πο;01.08.2014;3036;97,93548;744;0;49212;511,46;3036;97,93548;49212
211;ψ-‘πο;01.09.2014;3928;159,78305;590;130;53140;536,04;3928;159,78305;53140
211;ψ-‘πο;01.10.2014;3981;128,41935;744;0;57121;567,04;3981;128,41935;57121
211;ψ-‘πο;01.11.2014;3372;112,4;720;0;60493;597,04;3372;112,4;60493
211;ψ-‘πο;01.12.2014;3554;114,64516;744;0;64047;628,04;3554;114,64516;64047
211;ψ-‘πο;01.01.2015;3294;106,25806;744;0;67341;659,04;3294;106,25806;67341
211;ψ-‘πο;01.02.2015;2549;91,03571;672;0;69890;687,04;2549;91,03571;69890
211;ψ-‘πο;01.03.2015;2901;93,58065;744;0;72791;718,04;2901;93,58065;72791
211;ψ-‘πο;01.04.2015;3198;106,6;720;0;75989;748,04;3198;106,6;75989
211;ψ-‘πο;01.05.2015;1951;62,93548;744;0;77940;779,04;1951;62,93548;77940
211;ψ-‘πο;01.06.2015;5210;173,66667;720;0;83150;809,04;5210;173,66667;83150
211;ψ-‘πο;01.07.2015;3999;129;744;0;87149;840,04;3999;129;87149
211;ψ-‘πο;01.08.2015;2295;121,5894;453;291;89444;858,92;2295;121,5894;89444
211;ψ-‘πο;01.09.2015;3834;127,8;720;0;93278;888,92;3834;127,8;93278
211;ψ-‘πο;01.10.2015;3696;119,22581;744;0;96974;919,92;3696;119,22581;96974
211;ψ-‘πο;01.11.2015;3624;120,8;720;0;100598;949,92;3624;120,8;100598
211;ψ-‘πο;01.12.2015;3814;123,03226;744;0;104412;980,92;3814;123,03226;104412
211;ψ-‘πο;01.01.2016;3237;104,41935;744;0;107649;1011,92;3237;104,41935;107649
211;ψ-‘πο;01.02.2016;3073;105,96552;696;0;110722;1040,92;3073;105,96552;110722
211;ψ-‘πο;01.03.2016;3523;113,64516;744;0;114245;1071,92;3523;113,64516;114245
211;ψ-‘πο;01.04.2016;3529;117,63333;720;0;117774;1101,92;3529;117,63333;117774
211;ψ-‘πο;01.05.2016;2555;111,08696;552;192;120329;1124,92;2555;111,08696;120329
211;ψ-‘πο;01.06.2016;2254;104,83721;516;204;122583;1146,42;2254;104,83721;122583
211;ψ-‘πο;01.07.2016;2729;88,03226;744;0;125312;1177,42;2729;88,03226;125312
211;ψ-‘πο;01.08.2016;2671;86,16129;744;0;127983;1208,42;2671;86,16129;127983
211;ψ-‘πο;01.09.2016;1797;59,9;720;0;129780;1238,42;1797;59,9;129780
211;ψ-‘πο;01.10.2016;2396;77,29032;744;0;132176;1269,42;2396;77,29032;132176
211;ψ-‘πο;01.11.2016;2788;92,93333;720;0;134964;1299,42;2788;92,93333;134964
211;ψ-‘πο;01.12.2016;3285;105,96774;744;0;138249;1330,42;3285;105,96774;138249
211;ψ-‘πο;01.01.2017;3649;117,70968;744;0;141898;1361,42;3649;117,70968;141898
211;ψ-‘πο;01.02.2017;3190;113,92857;672;0;145088;1389,42;3190;113,92857;145088
211;ψ-‘πο;01.03.2017;3944;127,22581;744;0;149032;1420,42;3944;127,22581;149032
211;ψ-‘πο;01.04.2017;3980;132,66667;720;0;153012;1450,42;3980;132,66667;153012
211;ψ-‘πο;01.05.2017;4530;146,12903;744;0;157542;1481,42;4530;146,12903;157542
211;ψ-‘πο;01.06.2017;3194;106,46667;720;0;160736;1511,42;3194;106,46667;160736
211;ψ-‘πο;01.07.2017;3710;119,67742;744;0;164446;1542,42;3710;119,67742;164446
211;ψ-‘πο;01.08.2017;3459;111,58065;744;0;167905;1573,42;3459;111,58065;167905
211;ψ-‘πο;01.09.2017;3222;107,4;720;0;171127;1603,42;3222;107,4;171127
211;ψ-‘πο;01.10.2017;4166;134,3871;744;0;175293;1634,42;4166;134,3871;175293
211;ψ-‘πο;01.11.2017;2759;91,96667;720;0;178052;1664,42;2759;91,96667;178052
211;ψ-‘πο;01.12.2017;2363;76,22581;744;0;180415;1695,42;2363;76,22581;180415
211;ψ-‘πο;01.01.2018;3239;104,48387;744;0;183654;1726,42;3239;104,48387;183654
211;ψ-‘πο;01.02.2018;2852;101,85714;672;0;186506;1754,42;2852;101,85714;186506
211;ψ-‘πο;01.03.2018;3209;104,6413;736;8;189715;1785,08;3209;104,6413;189715
211;ψ-‘πο;01.04.2018;3176;105,86667;720;0;192891;1815,08;3176;105,86667;192891
211;ψ-‘πο;01.05.2018;3150;101,6129;744;0;196041;1846,08;3150;101,6129;196041
211;ψ-‘πο;01.06.2018;2816;93,86667;720;0;198857;1876,08;2816;93,86667;198857
211;ψ-‘πο;01.07.2018;2428;78,32258;744;0;201285;1907,08;2428;78,32258;201285
211;ψ-‘πο;01.08.2018;3579;115,45161;744;0;204864;1938,08;2294;74;203579
211;ψ-‘πο;01.09.2018;2883;110,88462;624;96;207747;1964,08;1668;64,15385;205247
211;ψ-‘πο;01.10.2018;2621;109,20833;576;168;210368;1988,08;1446;60,25;206693
211;ψ-‘πο;01.11.2018;3359;111,96667;720;0;213727;2018,08;1938;64,6;208631
211;ψ-‘πο;01.12.2018;2959;95,45161;744;0;216686;2049,08;2088;67,35484;210719
211;ψ-‘πο;01.01.2019;3770;121,6129;744;0;220456;2080,08;1945;62,74194;212664
211;ψ-‘πο;01.02.2019;3199;114,25;672;0;223655;2108,08;1601;57,17857;214265
211;ψ-‘πο;01.03.2019;3592;115,87097;744;0;227247;2139,08;1734;55,93548;215999
211;ψ-‘πο;01.04.2019;2589;86,3;720;0;229836;2169,08;1127;37,56667;217126
211;ψ-‘πο;01.05.2019;2991;96,48387;744;0;232827;2200,08;1863;60,09677;218989
211;ψ-‘πο;01.06.2019;4594;153,13333;720;0;237421;2230,08;2680;89,33333;221669
211;ψ-‘πο;01.07.2019;3431;110,67742;744;0;240852;2261,08;2175;70,16129;223844
211;ψ-‘πο;01.08.2019;2667;86,03226;744;0;243519;2292,08;1028;33,16129;224872
211;ψ-‘πο;01.09.2019;1533;51,1;720;0;245052;2322,08;629;20,96667;225501
211;ψ-‘πο;01.10.2019;2246;72,45161;744;0;247298;2353,08;705;22,74194;226206
211;ψ-‘πο;01.11.2019;3002;100,06667;720;0;250300;2383,08;1072;35,73333;227278
211;ψ-‘πο;01.12.2019;2965;95,64516;744;0;253265;2414,08;991;31,96774;228269
211;ψ-‘πο;01.01.2020;2846;91,80645;744;0;256111;2445,08;1051;33,90323;229320
211;ψ-‘πο;01.02.2020;3270;112,75862;696;0;259381;2474,08;1021;35,2069;230341
211;ψ-‘πο;01.03.2020;3273;105,58065;744;0;262654;2505,08;996;32,12903;231337
211;ψ-‘πο;01.04.2020;2896;96,53333;720;0;265550;2535,08;970;32,33333;232307
211;ψ-‘πο;01.05.2020;1994;64,32258;744;0;267544;2566,08;594;19,16129;232901
211;ψ-‘πο;01.06.2020;68;68;24;696;267612;2567,08;24;24;232925
211;ψ-‘πο;01.07.2020;1681;63,43396;636;108;269293;2593,58;548;20,67925;233473
211;ψ-‘πο;01.08.2020;2103;67,83871;744;0;271396;2624,58;698;22,51613;234171
211;ψ-‘πο;01.09.2020;2121;70,7;720;0;273517;2654,58;663;22,1;234834
211;ψ-‘πο;01.10.2020;2736;88,25806;744;0;276253;2685,58;1679;54,16129;236513
211;ψ-‘πο;01.11.2020;2921;108,85714;644;76;279174;2712,42;2921;108,85714;239434
211;ψ-‘πο;01.12.2020;4653;150,09677;744;0;283827;2743,42;3346;107,93548;242780
211;ψ-‘πο;01.01.2021;3431;110,67742;744;0;287258;2774,42;1326;42,77419;244106
211;ψ-‘πο;01.02.2021;3442;126,50536;653;19;290700;2801,63;1280;47,04441;245386
211;ψ-‘πο;01.03.2021;3706;120,84783;736;8;294406;2832,29;1323;43,1413;246709
211;ψ-‘πο;01.04.2021;4290;143;720;0;298696;2862,29;1785;59,5;248494
211;ψ-‘πο;01.05.2021;3984;128,51613;744;0;302680;2893,29;1660;53,54839;250154
211;ψ-‘πο;01.06.2021;2887;96,23333;720;0;305567;2923,29;1060;35,33333;251214